Barcode,GC
AAACCTCATGAAGTTG-1,GC
AAACGAAGAACATACC-1,GC
AAACGGGTTGGTATCC-1,GC
AAACTGCTGGCTCCAA-1,GC
AAACTTAATTGCACGC-1,GC
AAATGGCATGTCTTGT-1,GC
AACAGGAAATCGAATA-1,GC
AACATAGCGTGTATCG-1,GC
AACATCGATACGTCTA-1,GC
AACCATAGGGTTGAAC-1,GC
AACCGTTGTGTTTGCT-1,GC
AACCTAAAGCCGTCCG-1,GC
AACCTCGCTTTAGCCC-1,GC
AACGCGAACGGCAACA-1,GC
AACTCCTAATCCCATG-1,GC
AACTGAGGTCAGCGTC-1,GC
AAGGATGAGGGACCTC-1,GC
AAGGGAACGACTGGCT-1,GC
AAGTTTACTAATGGCA-1,GC
AATATTGGAGTATTGA-1,GC
AATCGAGGTCTCAAGG-1,GC
AATCTATGCCGGAGCC-1,GC
AATGAGTTCGCATATG-1,GC
AATGTATGGCACTGTA-1,GC
AATGTTAAGACCCTGA-1,GC
AATTGAACGCTCTGGT-1,GC
AATTTGGGACATAGTA-1,GC
AATTTGGTTCCAAAGA-1,GC
ACAAACCATGCGTCCT-1,GC
ACAAACCGACAAGGCG-1,GC
ACAAATGGTAGTGTTT-1,GC
ACAAGGATGCTTTAGG-1,GC
ACAATAGTCGTACGTT-1,GC
ACAATCGATCTTTATA-1,GC
ACACCGGTCTGACCGC-1,GC
ACACTCCAATGTCACT-1,GC
ACAGCATAGAGCCAGT-1,GC
ACATCAGCTGGGACGC-1,GC
ACCAAACACCCAGCGA-1,GC
ACCAAACTAGAAATCC-1,GC
ACCCTATAGGACTGAG-1,GC
ACCCTTCATCTGCGAA-1,GC
ACCGTTCCCGCTCTGA-1,GC
ACCTCGAACTTATGCT-1,GC
ACGCAATCACTACAGC-1,GC
ACGCCGCTAGACGACC-1,GC
ACGTACTTTGGCACGG-1,GC
ACGTCCTAAACGAGAT-1,GC
ACGTTAATGTCGAAGA-1,GC
ACGTTTAGTTGTGATC-1,GC
ACTACATCCCGACAAG-1,GC
ACTCCCGAATTCGTTT-1,GC
ACTCCGGCCGACCACT-1,GC
ACTGTACGATACACAT-1,GC
ACTGTTTAGTGTAGGC-1,GC
ACTTATCTGATCTATA-1,GC
ACTTCCATGCGGGACA-1,GC
ACTTGACTCCCTCTTT-1,GC
ACTTTACCCTCATGAA-1,GC
AGACGGGATTGGTATA-1,GC
AGAGAACCGTCTAGGA-1,GC
AGATACTCAAGATCGA-1,GC
AGATGACTCGCCCACG-1,GC
AGATGATGGAGTCTGG-1,GC
AGCAGAAGGAGAAAGA-1,GC
AGCGCTTATGGGCAAG-1,GC
AGCGGTTGCCGCTCTG-1,GC
AGCTCTTTACTCAGTT-1,GC
AGCTGAAGTAAACCAA-1,GC
AGCTTGATCTTAACTT-1,GC
AGGACAGTCGAATCCC-1,GC
AGGCAAAGAGGAATCA-1,GC
AGGCAGATGCGTAAAC-1,GC
AGGCCTGAGAATCTCG-1,GC
AGGGAAACGAGGTACT-1,GC
AGGTATAATTGATAGT-1,GC
AGGTTTCACACACCTT-1,GC
AGTAATCTAAGGGTGG-1,GC
AGTACATCATTTATCA-1,GC
AGTCTAAAGTATACTC-1,GC
AGTGCTTGCACGAATA-1,GC
AGTGGCGTCTGAAGGT-1,GC
AGTTAAACACTTGCGA-1,GC
AGTTCCTATTTATGTT-1,GC
AGTTGCTGACTGATAT-1,GC
ATAATACCGTTAGCCG-1,GC
ATACCAGCAAATTGCT-1,GC
ATACGCCGATCTACCG-1,GC
ATACGGTGAAGATGCA-1,GC
ATAGATTTGCAGTCGG-1,GC
ATAGGCTAGCTTCGCA-1,GC
ATAGGGATATCCTTGA-1,GC
ATATAGAGTATTGGTC-1,GC
ATATCTCCCTCGTTAA-1,GC
ATATTCCCACAGGTCA-1,GC
ATCACTTCATCCTCGC-1,GC
ATCAGGTCGCCATTGC-1,GC
ATCCAGGATTCGTGAA-1,GC
ATCCCATCCACAGCGC-1,GC
ATCCTACCTAAGCTCT-1,GC
ATCCTGCGTGGAATGG-1,GC
ATCGACCCAATACAGA-1,GC
ATCTACCATCTGCTCC-1,GC
ATGGCAGCATTACGAT-1,GC
ATGGCTGGAAATGGCC-1,GC
ATGGTCGCGTGGTTTC-1,GC
ATGTGTAGTTTAGTCA-1,GC
ATTAATTCGGTCACTC-1,GC
ATTATGAGACCCAATT-1,GC
ATTCATCGTTGAGGCA-1,GC
ATTCCTTCCAGGCGGT-1,GC
ATTGACCGGCGATGAC-1,GC
ATTGATAGCAACGAGA-1,GC
ATTGCTGCTCCTCCAT-1,GC
ATTTGCCTAGTTACGA-1,GC
ATTTGTCTTGGGAGCT-1,GC
ATTTGTTCCAGGGCTC-1,GC
CAAATTGTCAGCAAGC-1,GC
CAAGGTCCTATAGGCT-1,GC
CAATATTGGACTAGTG-1,GC
CACAGAGACGAGGACG-1,GC
CACATAAGGCGACCGT-1,GC
CACATGTTTGGACATG-1,GC
CACCCACGAGGCAATT-1,GC
CACCGCCAGAAGGTTT-1,GC
CACCGGAGATATCTCC-1,GC
CACCTAATCAGTTTAC-1,GC
CACGGGATTGAGGGTT-1,GC
CACGTCTATGATGTGG-1,GC
CAGCCCTCACAGGCAG-1,GC
CAGGCCGTTTGGGTGT-1,GC
CAGTCTGTATACTGGG-1,GC
CATGATGCACAATTCT-1,GC
CATGGGTCGGGTGTGG-1,GC
CATTATAACAGGGTCC-1,GC
CCAATAGTGCCGTCGA-1,GC
CCACGGCAGGTGTAGG-1,GC
CCACGGTGCCCGGTAG-1,GC
CCAGCTGATGGTACTT-1,GC
CCAGTCCATTATTCGA-1,GC
CCAGTTCGGTAACTCA-1,GC
CCATACCTTTACTTGT-1,GC
CCATAGTCAGTAACCC-1,GC
CCCGCTAGAGGGTTAA-1,GC
CCCTACCCACACCCAG-1,GC
CCCTAGTGTCAGGTGT-1,GC
CCCTCGGGAGCCTTGT-1,GC
CCCTGCCCAATCCGCT-1,GC
CCCTTCTCGTACGCGA-1,GC
CCGAGCTGTGCTTGTC-1,GC
CCGAGGGATGTTAGGC-1,GC
CCGCCACCACAATCCA-1,GC
CCGCCGGTCAACACAC-1,GC
CCGCTTCGCGGTTAAC-1,GC
CCGCTTGCTGACATGG-1,GC
CCGGTATCTGGCGACT-1,GC
CCGTTACGTTAGAACA-1,GC
CCGTTCCGAATCTCGG-1,GC
CCTAAATTAACGGTTC-1,GC
CCTAAGTGTCTAACCG-1,GC
CCTACAGTTGAGGGAG-1,GC
CCTCGGACCGGGATAG-1,GC
CCTCGGATGCTACCTG-1,GC
CCTGCGATAGAACTGT-1,GC
CCTGCGTTCTACGCTT-1,GC
CCTGTAAGACATGATA-1,GC
CCTTTCAATGAAGAAA-1,GC
CGAAGGGTTTCAGATT-1,GC
CGAATGAAGTCATTGC-1,GC
CGACAGTTCGCGTTAT-1,GC
CGACTTTGTATAGCCT-1,GC
CGAGATGTTGCCTATA-1,GC
CGAGTTCTGTCCCACC-1,GC
CGATAGTCGTACTGCA-1,GC
CGCACATGTCCACTAC-1,GC
CGCATGCCGAATGCGT-1,GC
CGCCTCCCTCCTCTAT-1,GC
CGCGTCATATTAAACC-1,GC
CGCGTGCTATCAACGA-1,GC
CGGCCCAACCTGTAGT-1,GC
CGGGAATTTATGTAAA-1,GC
CGGGTTGTAGCTTTGG-1,GC
CGGTACTAGAATCAAA-1,GC
CGTAAACGCTTGAGTG-1,GC
CGTAAAGCAAGAAATC-1,GC
CGTCAGTTTATCGTCT-1,GC
CGTGCACACCACTGTA-1,GC
CGTGCCCGACATTTGT-1,GC
CGTGCTGGCCTAGTCG-1,GC
CGTTGTAAGATTGATT-1,GC
CGTTGTTTCAATTCCC-1,GC
CTAAGGGAATGATTGG-1,GC
CTAGATGTGAGTGTAA-1,GC
CTAGATTTACGACGGC-1,GC
CTATGAACACCTTGCC-1,GC
CTATGTCTATTGAAAC-1,GC
CTCAACTAACCCGGAT-1,GC
CTCCGGCTTGTAGACA-1,GC
CTCGAGGTCGAACAGT-1,GC
CTCTAACACCGGCAGC-1,GC
CTCTAGCCCTCGGAAA-1,GC
CTCTCGATGTGCGCCT-1,GC
CTGAAAGAGATCCGAC-1,GC
CTGACTGCGCAGCTCG-1,GC
CTGATCCCTTTATGCA-1,GC
CTGCAAATGGGCTCCA-1,GC
CTGGGATCGCCCAGAT-1,GC
CTGGTAACACATAGAA-1,GC
CTGGTGAATGGGCCTA-1,GC
CTGTGCAGGGTAGGTC-1,GC
CTGTTCACTGCCTGTG-1,GC
CTTAGGTATAGACCAG-1,GC
CTTAGTAGGCCTACAG-1,GC
CTTAGTGTAGTAGCAT-1,GC
CTTCAGTTGGACAACG-1,GC
CTTCATCACCAGGGCT-1,GC
CTTCGTAGATAGGTGA-1,GC
CTTCGTGCCCGCATCG-1,GC
CTTGTCGTACGTGTCA-1,GC
CTTTAGGAACACTGTT-1,GC
CTTTAGTGCTATTATT-1,GC
GAAACCATGGTGCGCT-1,GC
GAAAGCCCTTTGGACC-1,GC
GAAGACTTCAATGCCG-1,GC
GAATCTGAACATTCTC-1,GC
GAATGCGAATCGGTTC-1,GC
GACACTGAGTTCAGTG-1,GC
GACAGCCAGACCTGAC-1,GC
GACGGACCGCGTTCCT-1,GC
GACGGGATGTCTTATG-1,GC
GACTCCCAGAATAAGG-1,GC
GAGATCTGCTTGGCAT-1,GC
GAGGTACATCCATCTT-1,GC
GAGTATACCCTAATCA-1,GC
GAGTGTCAACCAGAAA-1,GC
GATAACTCGCACTGTG-1,GC
GATACGATGGGAGTCA-1,GC
GATATCTCATGCAATA-1,GC
GATCCCTTTATACTGC-1,GC
GATCTTGGAGGGCATA-1,GC
GATCTTTGCAGGGTAT-1,GC
GATGACGATGATCGCG-1,GC
GATGATTTGAAACTGG-1,GC
GATGCCACACTACAGC-1,GC
GATGCTGTATTTCATC-1,GC
GATGTTCAATCCACGA-1,GC
GATTCGACGGTTCACG-1,GC
GATTGACACTCTGCTC-1,GC
GCAAATATTACGCTTT-1,GC
GCATTCAAGGCAACGC-1,GC
GCATTGTAATTCATAT-1,GC
GCCGCTTGTGAGAAAC-1,GC
GCCTATGCTGGGCCTT-1,GC
GCCTTTGTCAGTGGAC-1,GC
GCGAGAGTTGCGTCCA-1,GC
GCGCCGTTCCACGATA-1,GC
GCGTGTATGTCGTATT-1,GC
GCTACACTGTCCGAAC-1,GC
GCTACGACTTATTGGG-1,GC
GCTCATTACTGCATGT-1,GC
GCTTGCAGCACAATTG-1,GC
GGAATAACCTCAAGAA-1,GC
GGAGACGACACCTTTG-1,GC
GGAGGGCTTGGTTGGC-1,GC
GGCGAGCATCGAGGAC-1,GC
GGCGCTCCTCATCAAT-1,GC
GGCTATTAAGTTGTAT-1,GC
GGCTTCTCGTGGGTGG-1,GC
GGGAACCACCTGTTTC-1,GC
GGGATTTACCGCACCT-1,GC
GGGCGATATGTGTGAA-1,GC
GGGTAATGCTGTGTTT-1,GC
GGGTACTTCATGAACT-1,GC
GGTCTGAGAATCTGGA-1,GC
GGTTGTGTAGCCTGGC-1,GC
GTAATAAAGGGCTCCC-1,GC
GTACGAGATTGCGACA-1,GC
GTACGTTTGCCCGTCA-1,GC
GTAGACACGCCTGACT-1,GC
GTATAGGACTCAGTAG-1,GC
GTATCTCCCTAACTGT-1,GC
GTCATGCACCTCCGTT-1,GC
GTCGTGTCTGGTCATC-1,GC
GTCTATCTGAGTTTCT-1,GC
GTCTCGACTAAGTTTG-1,GC
GTCTGCCGACTCGACG-1,GC
GTGATCCTTGTCATGA-1,GC
GTGCCCGTTCGGATTC-1,GC
GTGCGGGTCTCCAAAT-1,GC
GTGCGTGTATATGAGC-1,GC
GTGCTGTTAGAACATA-1,GC
GTGGCGGTCCCAGCGT-1,GC
GTGGTCAGCGAAGTAT-1,GC
GTGGTTACTTCTTTCG-1,GC
GTGTGAGCCGAGGTGC-1,GC
GTTCATCGTTTGGCTG-1,GC
GTTCGGGCGTACCATT-1,GC
GTTCGTTGCGGACCAG-1,GC
TAACCTACCGTCCGAG-1,GC
TAACTATTACGCCAAA-1,GC
TAAGAGGGACAGGGAC-1,GC
TAAGCAGGCGACACGC-1,GC
TACAAATTGCGGAGGT-1,GC
TACACCTCTTCGAATC-1,GC
TACCAGCTAGGTTTAA-1,GC
TACGACTGCCTCTTAG-1,GC
TACGAGAACTTCACGT-1,GC
TACGCTATAGAAACCT-1,GC
TACGGGTAATAACATA-1,GC
TAGAAAGGTGGCGCTA-1,GC
TAGCAGATACTTAGGG-1,GC
TAGGCGGCTGCAAAGA-1,GC
TAGGTCGCCGGAACTG-1,GC
TAGGTGCTCGCCTAGC-1,GC
TAGTACCACAACTTTC-1,GC
TATAGGGTACTCATGA-1,GC
TATCACAGCACGGGCA-1,GC
TATCACCATGTAAAGT-1,GC
TATCCCTCGATCTGCA-1,GC
TATGATCCGGCACGCC-1,GC
TATGGCAGACTTTCGA-1,GC
TCAAGAAATACTAGCT-1,GC
TCCAACTCAGCTATCT-1,GC
TCCACTTTATCTAGGT-1,GC
TCCATCAATACTAATC-1,GC
TCCCTCCGAAATCGTT-1,GC
TCCTACATCCACGGCC-1,GC
TCCTAGCAAAGAAGCT-1,GC
TCCTGCCAACTGGAGA-1,GC
TCGACATAGCGTAGCG-1,GC
TCGCCTCCTTCGGCTC-1,GC
TCGCTTTAAACGTTTG-1,GC
TCGGGCCGTCGTGGTA-1,GC
TCGGGTGAAACTGCTA-1,GC
TCGTATAGTGCAATTA-1,GC
TCTCAAATCAATCGGG-1,GC
TCTGTGACTGACCGTT-1,GC
TCTGTGCCATCATAGT-1,GC
TGAAACCTCAACTCAC-1,GC
TGACCCAACTCACATT-1,GC
TGACTCCGAATCATAC-1,GC
TGAGCTTTAATGACGC-1,GC
TGAGGTTGATCCCAAG-1,GC
TGATCCCAGCATTAGT-1,GC
TGATCTATCACACTCT-1,GC
TGCAAACCCACATCAA-1,GC
TGCAATCTAACACGGT-1,GC
TGCAGAACTATATCGT-1,GC
TGCAGTTTCCTCCCAT-1,GC
TGCCTGACATCGGTCA-1,GC
TGCCTGATCAAACGAT-1,GC
TGCGGCATAGTTCAAC-1,GC
TGCGGTGAAATTTCAT-1,GC
TGCGTGATTGGGTGTC-1,GC
TGCTTGAAACCATGCA-1,GC
TGGAAGGATAAAGATG-1,GC
TGTATCAGACTGAAGC-1,GC
TGTCCCGACATAGCAC-1,GC
TGTCGGCATGGTGGAA-1,GC
TGTCTACAGTTTCTGT-1,GC
TGTGCTTTACGTAAGA-1,GC
TGTTATTGTATGTGGC-1,GC
TGTTCTTCCATTGACT-1,GC
TTAACGTCGCAAGACC-1,GC
TTACAGACCTAAATGA-1,GC
TTACCGCCTTAGGGAA-1,GC
TTACTGTCTAGAGCTC-1,GC
TTACTGTTTCTCTACG-1,GC
TTAGAGTTTAGAAGGA-1,GC
TTATCATACTCGCAAA-1,GC
TTCACGGTCGTCACGT-1,GC
TTCCGGTTACCCACTT-1,GC
TTCGCATCCGGAAGCA-1,GC
TTCTGCTAGACTCCAA-1,GC
TTGCCGCAGACCTACA-1,GC
TTGCGGCGACTCATGC-1,GC
TTGCTGAAGGAACCAC-1,GC
TTGTTGTGTGTCAAGA-1,GC
